-- phpMyAdmin SQL Dump
-- version 5.1.1
-- https://www.phpmyadmin.net/
--
-- Host: 127.0.0.1
-- Generation Time: Jan 21, 2022 at 10:55 AM
-- Server version: 10.1.26-MariaDB
-- PHP Version: 8.0.10

SET SQL_MODE = "NO_AUTO_VALUE_ON_ZERO";
START TRANSACTION;
SET time_zone = "+00:00";


/*!40101 SET @OLD_CHARACTER_SET_CLIENT=@@CHARACTER_SET_CLIENT */;
/*!40101 SET @OLD_CHARACTER_SET_RESULTS=@@CHARACTER_SET_RESULTS */;
/*!40101 SET @OLD_COLLATION_CONNECTION=@@COLLATION_CONNECTION */;
/*!40101 SET NAMES utf8mb4 */;

--
-- Database: `shiba_petshop`
--

-- --------------------------------------------------------

--
-- Table structure for table `blog`
--

CREATE TABLE `blog` (
  `id_blog` int(11) NOT NULL,
  `judul` varchar(100) NOT NULL,
  `tgl_blog` date NOT NULL,
  `isi_blog` text NOT NULL,
  `foto_blog` varchar(255) NOT NULL
) ENGINE=InnoDB DEFAULT CHARSET=latin1;

--
-- Dumping data for table `blog`
--

INSERT INTO `blog` (`id_blog`, `judul`, `tgl_blog`, `isi_blog`, `foto_blog`) VALUES
(1, 'judul 1', '2022-01-12', 'Lorem 1 ipsum dolor sit amet, consectetur adipisicing elit, sed do eiusmod\r\ntempor incididunt ut labore et dolore magna aliqua. Ut enim ad minim veniam,\r\nquis nostrud exercitation ullamco laboris nisi ut aliquip ex ea commodo\r\nconsequat. Duis aute irure dolor in reprehenderit in voluptate velit esse\r\ncillum dolore eu fugiat nulla pariatur. Excepteur sint occaecat cupidatat non\r\nproident, sunt in culpa qui officia deserunt mollit anim id est laborum.\r\nLorem ipsum dolor sit amet, consectetur adipisicing elit, sed do eiusmod\r\ntempor incididunt ut labore et dolore magna aliqua. Ut enim ad minim veniam,\r\nquis nostrud exercitation ullamco laboris nisi ut aliquip ex ea commodo\r\nconsequat. Duis aute irure dolor in reprehenderit in voluptate velit esse\r\ncillum dolore eu fugiat nulla pariatur. Excepteur sint occaecat cupidatat non\r\nproident, sunt in culpa qui officia deserunt mollit anim id est laborum.', 'blog1.jpg'),
(2, 'judul blog 2', '2022-01-15', 'Lorem 2 ipsum dolor sit amet, consectetur adipisicing elit, sed do eiusmod\r\ntempor incididunt ut labore et dolore magna aliqua. Ut enim ad minim veniam,\r\nquis nostrud exercitation ullamco laboris nisi ut aliquip ex ea commodo\r\nconsequat. Duis aute irure dolor in reprehenderit in voluptate velit esse\r\ncillum dolore eu fugiat nulla pariatur. Excepteur sint occaecat cupidatat non\r\nproident, sunt in culpa qui officia deserunt mollit anim id est laborum.\r\nLorem ipsum dolor sit amet, consectetur adipisicing elit, sed do eiusmod\r\ntempor incididunt ut labore et dolore magna aliqua. Ut enim ad minim veniam,\r\nquis nostrud exercitation ullamco laboris nisi ut aliquip ex ea commodo\r\nconsequat. Duis aute irure dolor in reprehenderit in voluptate velit esse\r\ncillum dolore eu fugiat nulla pariatur. Excepteur sint occaecat cupidatat non\r\nproident, sunt in culpa qui officia deserunt mollit anim id est laborum.', 'blog2.jpg'),
(3, 'judul blog 3', '2022-01-15', 'Lorem 3 ipsum dolor sit amet, consectetur adipisicing elit, sed do eiusmod\r\ntempor incididunt ut labore et dolore magna aliqua. Ut enim ad minim veniam,\r\nquis nostrud exercitation ullamco laboris nisi ut aliquip ex ea commodo\r\nconsequat. Duis aute irure dolor in reprehenderit in voluptate velit esse\r\ncillum dolore eu fugiat nulla pariatur. Excepteur sint occaecat cupidatat non\r\nproident, sunt in culpa qui officia deserunt mollit anim id est laborum.\r\nLorem ipsum dolor sit amet, consectetur adipisicing elit, sed do eiusmod\r\ntempor incididunt ut labore et dolore magna aliqua. Ut enim ad minim veniam,\r\nquis nostrud exercitation ullamco laboris nisi ut aliquip ex ea commodo\r\nconsequat. Duis aute irure dolor in reprehenderit in voluptate velit esse\r\ncillum dolore eu fugiat nulla pariatur. Excepteur sint occaecat cupidatat non\r\nproident, sunt in culpa qui officia deserunt mollit anim id est laborum.', 'blog3.jpg'),
(4, 'judul 4', '2022-01-16', 'Lorem 4 ipsum dolor sit amet, consectetur adipisicing elit, sed do eiusmod\r\ntempor incididunt ut labore et dolore magna aliqua. Ut enim ad minim veniam,\r\nquis nostrud exercitation ullamco laboris nisi ut aliquip ex ea commodo\r\nconsequat. Duis aute irure dolor in reprehenderit in voluptate velit esse\r\ncillum dolore eu fugiat nulla pariatur. Excepteur sint occaecat cupidatat non\r\nproident, sunt in culpa qui officia deserunt mollit anim id est laborum.\r\nLorem ipsum dolor sit amet, consectetur adipisicing elit, sed do eiusmod\r\ntempor incididunt ut labore et dolore magna aliqua. Ut enim ad minim veniam,\r\nquis nostrud exercitation ullamco laboris nisi ut aliquip ex ea commodo\r\nconsequat. Duis aute irure dolor in reprehenderit in voluptate velit esse\r\ncillum dolore eu fugiat nulla pariatur. Excepteur sint occaecat cupidatat non\r\nproident, sunt in culpa qui officia deserunt mollit anim id est laborum.', 'blog4.jpg'),
(5, 'judul blog 5', '2022-01-18', 'Lorem 5 ipsum dolor sit amet, consectetur adipisicing elit, sed do eiusmod\r\ntempor incididunt ut labore et dolore magna aliqua. Ut enim ad minim veniam,\r\nquis nostrud exercitation ullamco laboris nisi ut aliquip ex ea commodo\r\nconsequat. Duis aute irure dolor in reprehenderit in voluptate velit esse\r\ncillum dolore eu fugiat nulla pariatur. Excepteur sint occaecat cupidatat non\r\nproident, sunt in culpa qui officia deserunt mollit anim id est laborum.\r\nLorem ipsum dolor sit amet, consectetur adipisicing elit, sed do eiusmod\r\ntempor incididunt ut labore et dolore magna aliqua. Ut enim ad minim veniam,\r\nquis nostrud exercitation ullamco laboris nisi ut aliquip ex ea commodo\r\nconsequat. Duis aute irure dolor in reprehenderit in voluptate velit esse\r\ncillum dolore eu fugiat nulla pariatur. Excepteur sint occaecat cupidatat non\r\nproident, sunt in culpa qui officia deserunt mollit anim id est laborum.', 'blog5.jpg'),
(6, 'judul blog 6', '2022-01-19', 'Lorem 6 ipsum dolor sit amet, consectetur adipisicing elit, sed do eiusmod\r\ntempor incididunt ut labore et dolore magna aliqua. Ut enim ad minim veniam,\r\nquis nostrud exercitation ullamco laboris nisi ut aliquip ex ea commodo\r\nconsequat. Duis aute irure dolor in reprehenderit in voluptate velit esse\r\ncillum dolore eu fugiat nulla pariatur. Excepteur sint occaecat cupidatat non\r\nproident, sunt in culpa qui officia deserunt mollit anim id est laborum.\r\nLorem ipsum dolor sit amet, consectetur adipisicing elit, sed do eiusmod\r\ntempor incididunt ut labore et dolore magna aliqua. Ut enim ad minim veniam,\r\nquis nostrud exercitation ullamco laboris nisi ut aliquip ex ea commodo\r\nconsequat. Duis aute irure dolor in reprehenderit in voluptate velit esse\r\ncillum dolore eu fugiat nulla pariatur. Excepteur sint occaecat cupidatat non\r\nproident, sunt in culpa qui officia deserunt mollit anim id est laborum.', 'blog6.jpg');

-- --------------------------------------------------------

--
-- Table structure for table `detail_transaksi`
--

CREATE TABLE `detail_transaksi` (
  `id_detail` int(11) NOT NULL,
  `id_transaksi` int(11) NOT NULL,
  `id_produk` int(11) NOT NULL,
  `produk` varchar(50) NOT NULL,
  `harga` int(11) NOT NULL,
  `jumlah` int(11) NOT NULL,
  `sub_total` int(11) NOT NULL
) ENGINE=InnoDB DEFAULT CHARSET=latin1;

--
-- Dumping data for table `detail_transaksi`
--

INSERT INTO `detail_transaksi` (`id_detail`, `id_transaksi`, `id_produk`, `produk`, `harga`, `jumlah`, `sub_total`) VALUES
(3, 7, 1, 'wiskas tuna', 20000, 2, 40000),
(4, 7, 2, 'pasir', 30000, 1, 30000),
(12, 36, 2, 'Pasir ee', 20000, 1, 20000),
(13, 37, 1, 'Wiskas junior tuna', 30000, 1, 30000),
(14, 38, 2, 'Pasir ee', 20000, 1, 20000),
(15, 39, 1, 'Wiskas junior tuna', 30000, 1, 30000),
(16, 39, 3, 'Royal Canin Kitten', 45000, 4, 180000),
(17, 40, 3, 'Royal Canin Kitten', 45000, 1, 45000);

-- --------------------------------------------------------

--
-- Table structure for table `kategori`
--

CREATE TABLE `kategori` (
  `id_kategori` int(11) NOT NULL,
  `nama_kategori` varchar(50) NOT NULL
) ENGINE=InnoDB DEFAULT CHARSET=latin1;

--
-- Dumping data for table `kategori`
--

INSERT INTO `kategori` (`id_kategori`, `nama_kategori`) VALUES
(1, 'makanan'),
(2, 'kebersihan');

-- --------------------------------------------------------

--
-- Table structure for table `keranjang`
--

CREATE TABLE `keranjang` (
  `id_keranjang` int(11) NOT NULL,
  `id_user` int(11) NOT NULL,
  `id_produk` int(11) NOT NULL,
  `jumlah` int(11) NOT NULL
) ENGINE=InnoDB DEFAULT CHARSET=latin1;

-- --------------------------------------------------------

--
-- Table structure for table `pembayaran`
--

CREATE TABLE `pembayaran` (
  `id_pembayaran` int(11) NOT NULL,
  `id_transaksi` int(11) NOT NULL,
  `waktu_pembayaran` datetime NOT NULL,
  `bukti_transfer` varchar(50) NOT NULL
) ENGINE=InnoDB DEFAULT CHARSET=latin1;

--
-- Dumping data for table `pembayaran`
--

INSERT INTO `pembayaran` (`id_pembayaran`, `id_transaksi`, `waktu_pembayaran`, `bukti_transfer`) VALUES
(1, 40, '2022-01-21 12:53:16', '210122_125316_E5yw7DeXIAcMK9J.jpeg'),
(3, 39, '2022-01-21 12:59:59', '210122_125959_supermario.jpeg');

-- --------------------------------------------------------

--
-- Table structure for table `pengiriman`
--

CREATE TABLE `pengiriman` (
  `id_pengiriman` int(11) NOT NULL,
  `id_transaksi` int(11) NOT NULL,
  `kurir` varchar(20) NOT NULL,
  `biaya_ongkir` int(11) NOT NULL,
  `nama_penerima` varchar(30) NOT NULL,
  `telp_penerima` varchar(15) NOT NULL,
  `kota_tujuan` varchar(30) NOT NULL,
  `alamat_tujuan` text NOT NULL,
  `no_resi` varchar(20) NOT NULL
) ENGINE=InnoDB DEFAULT CHARSET=latin1;

--
-- Dumping data for table `pengiriman`
--

INSERT INTO `pengiriman` (`id_pengiriman`, `id_transaksi`, `kurir`, `biaya_ongkir`, `nama_penerima`, `telp_penerima`, `kota_tujuan`, `alamat_tujuan`, `no_resi`) VALUES
(1, 7, 'JNE', 15000, 'desi', '0213456', 'Kota Bandung', 'jl 1 gang  77', 'BD345'),
(15, 36, 'JNE', 18000, 'iin', '01221212', 'Cilacap', 'jogja utara jakal km 98', ''),
(16, 37, 'JNE', 12000, 'iin', '01221212', 'Demak', 'jogja utara jakal km 98', ''),
(17, 38, 'JNE', 28000, 'iin', '01221212', 'Cirebon', 'jogja utara jakal km 98', ''),
(18, 39, 'JNE', 42000, 'aan', '0213254', 'Cimahi', 'jl jlalalan', ''),
(19, 40, 'JNE', 9000, 'uun', '089', 'Magelang', 'alamat rumah uun', '');

-- --------------------------------------------------------

--
-- Table structure for table `produk`
--

CREATE TABLE `produk` (
  `id_produk` int(11) NOT NULL,
  `id_kategori` int(11) NOT NULL,
  `nama_produk` varchar(50) NOT NULL,
  `harga_produk` int(11) NOT NULL,
  `stok` int(11) NOT NULL,
  `berat` int(11) NOT NULL,
  `deskripsi` text NOT NULL,
  `foto_produk` varchar(255) NOT NULL
) ENGINE=InnoDB DEFAULT CHARSET=latin1;

--
-- Dumping data for table `produk`
--

INSERT INTO `produk` (`id_produk`, `id_kategori`, `nama_produk`, `harga_produk`, `stok`, `berat`, `deskripsi`, `foto_produk`) VALUES
(1, 1, 'Wiskas junior tuna', 30000, 8, 1000, 'WHISKAS memiliki rasa yang lezat dan mengandung nutrisi yang seimbang seperti vitamin dan mineral yang dibutuhkan oleh kucing untuk membekali aktivitasnya. WHISKAS memberikan keseimbangan nutrisi untuk si meong. WISKAS memiliki kriteria produk yang baik selain rasa yang lezat, juga mengandung nutrisi seimbang seperti vitamin dan mineral yang essensial dibutuhkan oleh kucingmu dalam menunjang aktivitas sehari-harinya.', 'wiskas.jpg'),
(2, 2, 'Pasir ee', 20000, 4, 2000, 'terbuat dari bahan organik seperti dari kayu, jagung atau bubuk kertas. Ada pula yang terbuat dari batu-batuan alami yang bisa dicuci ulang. Pasir kucing buatan, adalah yang terbuat dari silika. Biasanya pasir ini memiliki harga lebih mahal dibanding pasir organik.  Pasir silika memiliki banyak kegunaan lain selain untuk media buang air besar dan kecil para kucing kesayangan\r\n', 'pasir.jpg'),
(3, 1, 'Royal Canin Kitten', 45000, 10, 400, 'Masa pertumbuhan anak kucing Anda adalah fase paling penting dalam hidupnya; yaitu periode dimana mereka mengalami banyak perubahan dan menemukan berbagai pengalaman baru. Selama periode ini, salah satu hal terpenting yang perlu diperhatikan adalah memberikan nutrisi yang tepat bagi anak kucing Anda untuk mendukung masa tumbuh kembang yang sehat.\r\n\r\nFase pertumbuhan kedua adalah periode penting bagi anak kucing Anda karena sistem kekebalan tubuhnya masih berkembang secara bertahap.  ROYAL CANIN® Kitten membantu mendukung daya tahan tubuh alami anak kucing berkat kandungan antioksidan yang dipatenkan (termasuk vitamin E) di dalamnya.\r\n\r\nROYAL CANIN® Kitten sesuai diberikan untuk anak kucing berusia sampai 12 bulan. Makanan ini membantu meningkatkan kinerja pencernaan karena mengandung L.I.P – zat protein dengan tingkat daya cerna yang mencapai 90%.\r\n\r\nUntuk memenuhi selera individu setiap kucing, ROYAL CANIN® Kitten juga tersedia dalam bentuk makanan basah berupa jeli dan potongan daging dalam kaldu gravy yang lezat. Apabila Anda berniat untuk mencampur jenis makanan kucing, Anda bisa mengikuti panduan pemberian makan kami agar kucing Anda menerima rasio makanan kering dan basah yang seimbang untuk mendapatkan hasil optimal.', '61dc7422b0906.jpeg');

-- --------------------------------------------------------

--
-- Table structure for table `transaksi`
--

CREATE TABLE `transaksi` (
  `id_transaksi` int(11) NOT NULL,
  `id_user` int(11) NOT NULL,
  `kode_transaksi` varchar(10) NOT NULL,
  `tgl_transaksi` date NOT NULL,
  `batas_bayar` date NOT NULL,
  `total_biaya` int(11) NOT NULL,
  `status` varchar(50) NOT NULL
) ENGINE=InnoDB DEFAULT CHARSET=latin1;

--
-- Dumping data for table `transaksi`
--

INSERT INTO `transaksi` (`id_transaksi`, `id_user`, `kode_transaksi`, `tgl_transaksi`, `batas_bayar`, `total_biaya`, `status`) VALUES
(7, 7, 'TR007', '2021-12-25', '0000-00-00', 85000, 'belum bayar'),
(36, 4, 'TR036', '2022-01-10', '0000-00-00', 38000, 'belum bayar'),
(37, 4, 'TR037', '2022-01-10', '0000-00-00', 42000, 'belum bayar'),
(38, 4, 'TR038', '2022-01-10', '0000-00-00', 48000, 'belum bayar'),
(39, 7, 'TR039', '2022-01-11', '0000-00-00', 252000, 'diproses'),
(40, 8, 'TR040', '2022-01-21', '2022-01-22', 54000, 'diproses');

-- --------------------------------------------------------

--
-- Table structure for table `users`
--

CREATE TABLE `users` (
  `id_user` int(11) NOT NULL,
  `username` varchar(30) NOT NULL,
  `role` varchar(5) NOT NULL,
  `email` varchar(30) NOT NULL,
  `password` varchar(255) NOT NULL,
  `nama_user` varchar(50) NOT NULL,
  `no_tlp` varchar(15) NOT NULL,
  `alamat_user` text NOT NULL,
  `foto_user` varchar(255) NOT NULL,
  `status` varchar(10) NOT NULL
) ENGINE=InnoDB DEFAULT CHARSET=latin1;

--
-- Dumping data for table `users`
--

INSERT INTO `users` (`id_user`, `username`, `role`, `email`, `password`, `nama_user`, `no_tlp`, `alamat_user`, `foto_user`, `status`) VALUES
(1, 'admin', 'admin', 'mimin1@gmail.com', '21232f297a57a5a743894a0e4a801fc3', 'aku', '2', 'xd', '', 'aktif'),
(4, 'iin', 'user', '', 'f6a2e5ede47e66c7212ffaa258b7f5c8', 'iin', '01221212', 'jogja utara jakal km 98', '', 'aktif'),
(6, 'plankton', 'user', 'akujahat717@gmail.com', '8f60c8102d29fcd525162d02eed4566b', 'r g', '123456', 'jl gejayan gg pertolongan 2', '', 'suspend'),
(7, 'aan', 'user', 'aanz@gmail.com', '4607ed4bd8140e9664875f907f48ae14', 'aan', '0213254', 'jl jlalalan', 'aan_20200119_060125.jpeg', 'aktif'),
(8, 'uun', '', 'uun@gmail.com', '923fbf40785ce02b72f85ab1d075c24d', 'uun', '089', 'hl uun', 'default.png', '');

-- --------------------------------------------------------

--
-- Table structure for table `wishlist`
--

CREATE TABLE `wishlist` (
  `id_wishlist` int(11) NOT NULL,
  `id_user` int(11) NOT NULL,
  `id_produk` int(11) NOT NULL
) ENGINE=InnoDB DEFAULT CHARSET=latin1;

--
-- Dumping data for table `wishlist`
--

INSERT INTO `wishlist` (`id_wishlist`, `id_user`, `id_produk`) VALUES
(3, 4, 1),
(4, 7, 1),
(6, 4, 2),
(7, 6, 2),
(8, 6, 2),
(9, 7, 3);

--
-- Indexes for dumped tables
--

--
-- Indexes for table `blog`
--
ALTER TABLE `blog`
  ADD PRIMARY KEY (`id_blog`);

--
-- Indexes for table `detail_transaksi`
--
ALTER TABLE `detail_transaksi`
  ADD PRIMARY KEY (`id_detail`),
  ADD KEY `id_transaksi` (`id_transaksi`),
  ADD KEY `id_produk` (`id_produk`);

--
-- Indexes for table `kategori`
--
ALTER TABLE `kategori`
  ADD PRIMARY KEY (`id_kategori`);

--
-- Indexes for table `keranjang`
--
ALTER TABLE `keranjang`
  ADD PRIMARY KEY (`id_keranjang`),
  ADD KEY `id_user` (`id_user`);

--
-- Indexes for table `pembayaran`
--
ALTER TABLE `pembayaran`
  ADD PRIMARY KEY (`id_pembayaran`),
  ADD KEY `id_transaksi` (`id_transaksi`);

--
-- Indexes for table `pengiriman`
--
ALTER TABLE `pengiriman`
  ADD PRIMARY KEY (`id_pengiriman`),
  ADD KEY `pengiriman_ibfk_1` (`id_transaksi`);

--
-- Indexes for table `produk`
--
ALTER TABLE `produk`
  ADD PRIMARY KEY (`id_produk`),
  ADD KEY `id_kategori` (`id_kategori`);

--
-- Indexes for table `transaksi`
--
ALTER TABLE `transaksi`
  ADD PRIMARY KEY (`id_transaksi`),
  ADD KEY `transaksi_ibfk_1` (`id_user`);

--
-- Indexes for table `users`
--
ALTER TABLE `users`
  ADD PRIMARY KEY (`id_user`);

--
-- Indexes for table `wishlist`
--
ALTER TABLE `wishlist`
  ADD PRIMARY KEY (`id_wishlist`),
  ADD KEY `id_user` (`id_user`);

--
-- AUTO_INCREMENT for dumped tables
--

--
-- AUTO_INCREMENT for table `blog`
--
ALTER TABLE `blog`
  MODIFY `id_blog` int(11) NOT NULL AUTO_INCREMENT, AUTO_INCREMENT=7;

--
-- AUTO_INCREMENT for table `detail_transaksi`
--
ALTER TABLE `detail_transaksi`
  MODIFY `id_detail` int(11) NOT NULL AUTO_INCREMENT, AUTO_INCREMENT=18;

--
-- AUTO_INCREMENT for table `kategori`
--
ALTER TABLE `kategori`
  MODIFY `id_kategori` int(11) NOT NULL AUTO_INCREMENT, AUTO_INCREMENT=3;

--
-- AUTO_INCREMENT for table `keranjang`
--
ALTER TABLE `keranjang`
  MODIFY `id_keranjang` int(11) NOT NULL AUTO_INCREMENT, AUTO_INCREMENT=6;

--
-- AUTO_INCREMENT for table `pembayaran`
--
ALTER TABLE `pembayaran`
  MODIFY `id_pembayaran` int(11) NOT NULL AUTO_INCREMENT, AUTO_INCREMENT=4;

--
-- AUTO_INCREMENT for table `pengiriman`
--
ALTER TABLE `pengiriman`
  MODIFY `id_pengiriman` int(11) NOT NULL AUTO_INCREMENT, AUTO_INCREMENT=20;

--
-- AUTO_INCREMENT for table `produk`
--
ALTER TABLE `produk`
  MODIFY `id_produk` int(11) NOT NULL AUTO_INCREMENT, AUTO_INCREMENT=4;

--
-- AUTO_INCREMENT for table `transaksi`
--
ALTER TABLE `transaksi`
  MODIFY `id_transaksi` int(11) NOT NULL AUTO_INCREMENT, AUTO_INCREMENT=41;

--
-- AUTO_INCREMENT for table `users`
--
ALTER TABLE `users`
  MODIFY `id_user` int(11) NOT NULL AUTO_INCREMENT, AUTO_INCREMENT=9;

--
-- AUTO_INCREMENT for table `wishlist`
--
ALTER TABLE `wishlist`
  MODIFY `id_wishlist` int(11) NOT NULL AUTO_INCREMENT, AUTO_INCREMENT=10;

--
-- Constraints for dumped tables
--

--
-- Constraints for table `detail_transaksi`
--
ALTER TABLE `detail_transaksi`
  ADD CONSTRAINT `detail_transaksi_ibfk_1` FOREIGN KEY (`id_transaksi`) REFERENCES `transaksi` (`id_transaksi`),
  ADD CONSTRAINT `detail_transaksi_ibfk_2` FOREIGN KEY (`id_produk`) REFERENCES `produk` (`id_produk`);

--
-- Constraints for table `keranjang`
--
ALTER TABLE `keranjang`
  ADD CONSTRAINT `keranjang_ibfk_1` FOREIGN KEY (`id_user`) REFERENCES `users` (`id_user`);

--
-- Constraints for table `pembayaran`
--
ALTER TABLE `pembayaran`
  ADD CONSTRAINT `pembayaran_ibfk_1` FOREIGN KEY (`id_transaksi`) REFERENCES `transaksi` (`id_transaksi`);

--
-- Constraints for table `pengiriman`
--
ALTER TABLE `pengiriman`
  ADD CONSTRAINT `pengiriman_ibfk_1` FOREIGN KEY (`id_transaksi`) REFERENCES `transaksi` (`id_transaksi`) ON UPDATE CASCADE;

--
-- Constraints for table `produk`
--
ALTER TABLE `produk`
  ADD CONSTRAINT `produk_ibfk_1` FOREIGN KEY (`id_kategori`) REFERENCES `kategori` (`id_kategori`);

--
-- Constraints for table `transaksi`
--
ALTER TABLE `transaksi`
  ADD CONSTRAINT `transaksi_ibfk_1` FOREIGN KEY (`id_user`) REFERENCES `users` (`id_user`) ON UPDATE CASCADE;

--
-- Constraints for table `wishlist`
--
ALTER TABLE `wishlist`
  ADD CONSTRAINT `wishlist_ibfk_1` FOREIGN KEY (`id_user`) REFERENCES `users` (`id_user`);
COMMIT;

/*!40101 SET CHARACTER_SET_CLIENT=@OLD_CHARACTER_SET_CLIENT */;
/*!40101 SET CHARACTER_SET_RESULTS=@OLD_CHARACTER_SET_RESULTS */;
/*!40101 SET COLLATION_CONNECTION=@OLD_COLLATION_CONNECTION */;
